chrom1	start1	end1	chrom2	start2	end2	bin1	bin2	kernel_id	iteration	score	pvalue	qvalue
II	16000	32000	II	416000	432000	16	41	0	0	0.3674432872	0.0000006316	0.0000006832
II	16000	32000	II	624000	640000	16	54	0	0	0.4203040766	0.0000000070	0.0000000096
II	160000	176000	II	336000	352000	25	36	0	0	0.4927315277	0.0000000000	0.0000000000
II	432000	448000	II	576000	592000	42	51	0	0	0.4174546962	0.0000000000	0.0000000000
III	16000	32000	III	176000	192000	67	77	0	0	0.4587868466	0.0000000021	0.0000000031
IV	16000	32000	IV	224000	240000	87	100	0	0	0.5228100162	0.0000000000	0.0000000000
IV	304000	320000	IV	560000	576000	105	121	0	0	0.5646616280	0.0000000000	0.0000000000
IV	560000	576000	IV	640000	656000	121	126	0	0	0.3523166123	0.0000002226	0.0000002621
IV	688000	704000	IV	1504000	1520000	129	180	0	0	0.4464711200	0.0000000040	0.0000000056
IV	1232000	1248000	IV	1504000	1520000	163	180	0	0	0.5757750617	0.0000000000	0.0000000000
V	0	16000	V	288000	304000	182	200	0	0	0.6638558067	0.0000000000	0.0000000000
V	288000	304000	V	400000	416000	200	207	0	0	0.4565014348	0.0000000000	0.0000000000
V	352000	368000	V	560000	576000	204	217	0	0	0.4358829365	0.0000000207	0.0000000275
VII	0	16000	VII	256000	272000	236	252	0	0	0.6612948129	0.0000000000	0.0000000000
VII	384000	400000	VII	592000	608000	260	273	0	0	0.4731879392	0.0000000000	0.0000000000
VII	592000	608000	VII	704000	720000	273	280	0	0	0.5283911143	0.0000000000	0.0000000000
VII	864000	880000	VII	1072000	1088000	290	303	0	0	0.5407764987	0.0000000000	0.0000000000
VII	752000	768000	VII	896000	912000	283	292	0	0	0.4512592390	0.0000000000	0.0000000000
VIII	16000	32000	VIII	224000	240000	306	319	0	0	0.4983763974	0.0000000001	0.0000000001
VIII	16000	32000	VIII	368000	384000	306	328	0	0	0.4043124627	0.0000001508	0.0000001816
VIII	32000	48000	VIII	192000	208000	307	317	0	0	0.3836226634	0.0000014515	0.0000015084
VIII	240000	256000	VIII	336000	352000	320	326	0	0	0.5473343170	0.0000000000	0.0000000000
IX	16000	32000	IX	224000	240000	342	355	0	0	0.5386001273	0.0000000000	0.0000000000
IX	208000	224000	IX	416000	432000	354	367	0	0	0.4281150300	0.0000000400	0.0000000504
IX	240000	256000	IX	400000	416000	356	366	0	0	0.3711802584	0.0000024788	0.0000025265
X	16000	32000	X	224000	240000	370	383	0	0	0.4576683559	0.0000000030	0.0000000043
X	176000	192000	X	256000	272000	380	385	0	0	0.3403268250	0.0000001460	0.0000001800
X	320000	336000	X	560000	576000	389	404	0	0	0.6133034225	0.0000000000	0.0000000000
X	544000	560000	X	704000	720000	403	413	0	0	0.4818655631	0.0000000002	0.0000000003
XI	0	16000	XI	208000	224000	416	429	0	0	0.6052526750	0.0000000000	0.0000000000
XI	272000	288000	XI	624000	640000	433	455	0	0	0.4663991298	0.0000000000	0.0000000000
XII	16000	32000	XII	224000	240000	459	472	0	0	0.4311674354	0.0000000310	0.0000000400
XII	224000	240000	XII	432000	448000	472	485	0	0	0.6732207929	0.0000000000	0.0000000000
XII	512000	528000	XII	1040000	1056000	490	523	0	0	0.6281581105	0.0000000000	0.0000000000
XII	672000	688000	XII	1056000	1072000	500	524	0	0	0.3581658756	0.0000044303	0.0000044303
XII	848000	864000	XII	1056000	1072000	511	524	0	0	0.4032880739	0.0000002885	0.0000003324
XIII	16000	32000	XIII	176000	192000	527	537	0	0	0.6047221167	0.0000000000	0.0000000000
XIII	0	16000	XIII	528000	544000	526	559	0	0	0.4918227354	0.0000000000	0.0000000001
XIII	160000	176000	XIII	400000	416000	536	551	0	0	0.4028097911	0.0000000000	0.0000000000
XIII	576000	592000	XIII	896000	912000	562	582	0	0	0.6127318919	0.0000000000	0.0000000000
XIII	544000	560000	XIII	720000	736000	560	571	0	0	0.4698376823	0.0000000000	0.0000000000
XIV	16000	32000	XIV	416000	432000	585	610	0	0	0.5979872003	0.0000000000	0.0000000000
XIV	496000	512000	XIV	752000	768000	615	631	0	0	0.6940076187	0.0000000000	0.0000000000
XIV	368000	384000	XIV	480000	496000	607	614	0	0	0.3881624662	0.0000000002	0.0000000003
XV	16000	32000	XV	656000	672000	635	675	0	0	0.4427584642	0.0000000008	0.0000000012
XV	160000	176000	XV	448000	464000	644	662	0	0	0.4716541865	0.0000000000	0.0000000000
XV	480000	496000	XV	1040000	1056000	664	699	0	0	0.3625055595	0.0000009216	0.0000009769
XV	832000	848000	XV	1056000	1072000	686	700	0	0	0.6079811707	0.0000000000	0.0000000000
XVI	16000	32000	XVI	272000	288000	704	720	0	0	0.5870755861	0.0000000000	0.0000000000
XVI	304000	320000	XVI	384000	400000	722	727	0	0	0.3262770165	0.0000005085	0.0000005734
XVI	400000	416000	XVI	672000	688000	728	745	0	0	0.6011659990	0.0000000000	0.0000000000
XVI	720000	736000	XVI	928000	944000	748	761	0	0	0.5673260923	0.0000000000	0.0000000000
XVI	704000	720000	XVI	768000	784000	747	751	0	0	0.3337319558	0.0000005591	0.0000006174
